{"upload_time": {"1": {"12": {"0": 0.376160372979939, "0.25": 0.6589480170514435}}, "3": {"12": {"0": 0.5246940650977194, "0.25": 0.5302539388649166}}, "6": {"12": {"0": 0.5218387639615685, "0.25": 0.5875305200461298}}, "9": {"12": {"0": 0.5341631239280105, "0.25": 0.6642742620315403}}, "12": {"12": {"0": 0.5956667808350176, "0.25": 0.6157218220178038}}}, "download_time": {"1": {"12": {"0": 0, "0.25": 0.42523966706357896}}, "3": {"12": {"0": 1.2874340482521802, "0.25": 2.0540389143279754}}, "6": {"12": {"0": 1.260202533332631, "0.25": 2.1989088172558695}}, "9": {"12": {"0": 0.6653902114679416, "0.25": 1.4831954245455563}}, "12": {"12": {"0": 0.6736960106451685, "0.25": 2.651681424526032}}}, "download_prob": {"1": {"12": {"0": 0.0, "0.25": 0.16666666666666666}}, "3": {"12": {"0": 0.6666666666666666, "0.25": 0.6666666666666666}}, "6": {"12": {"0": 1.0, "0.25": 1.0}}, "9": {"12": {"0": 1.0, "0.25": 0.8333333333333334}}, "12": {"12": {"0": 1.0, "0.25": 0.6666666666666666}}}}