{"upload_time": {"1": {"12": {"0": 0.5414628844999999, "0.25": 0.5447877331000001}}, "3": {"12": {"0": 0.5218008648000023, "0.25": 0.5692213486000014}}, "6": {"12": {"0": 0.5944439702000011, "0.25": 0.6066077491999919}}, "9": {"12": {"0": 0.6505883553999865, "0.25": 0.6681938913000067}}, "12": {"12": {"0": 0.6219693365000012, "0.25": 0.6336351868999713}}}, "download_time": {"1": {"12": {"0": 0.6786174349999996, "0.25": 0}}, "3": {"12": {"0": 1.3503003448000073, "0.25": 2.389530043833313}}, "6": {"12": {"0": 1.4821223365000094, "0.25": 2.8847674184000027}}, "9": {"12": {"0": 0.660717839500012, "0.25": 2.811758468250005}}, "12": {"12": {"0": 0.6018527539000047, "0.25": 2.6503689407778035}}}, "download_prob": {"1": {"12": {"0": 0.2, "0.25": 0.0}}, "3": {"12": {"0": 0.5, "0.25": 0.6}}, "6": {"12": {"0": 1.0, "0.25": 1.0}}, "9": {"12": {"0": 1.0, "0.25": 0.8}}, "12": {"12": {"0": 1.0, "0.25": 0.9}}}}