{"upload_time": {"15": {"6": {"0": 0.5565100215000001, "0.25": 0.5560006712000003}, "12": {"0": 0.5733461909999988, "0.25": 0.5743811813000008}, "18": {"0": 0.6618517152000039, "0.25": 0.641865493499995}, "24": {"0": 0.7707315925999978, "0.25": 0.7440105579999795}, "30": {"0": 0.7378357692000008, "0.25": 0.7536504591999915}}}, "download_time": {"15": {"6": {"0": 0.6133742434000009, "0.25": 1.5971977479000017}, "12": {"0": 0.608487961199998, "0.25": 1.9029141718888967}, "18": {"0": 0.6831066503999921, "0.25": 3.631821616700006}, "24": {"0": 0.6912337215999969, "0.25": 3.6666518354000006}, "30": {"0": 0.947838283333302, "0.25": 3.0277625508888883}}}, "download_prob": {"15": {"6": {"0": 1.0, "0.25": 1.0}, "12": {"0": 1.0, "0.25": 0.9}, "18": {"0": 1.0, "0.25": 1.0}, "24": {"0": 1.0, "0.25": 1.0}, "30": {"0": 0.9, "0.25": 0.9}}}}