{"upload_time": {"1": {"12": {"0": 0.7799195769999994, "0.25": 0.6954880289999963}}, "3": {"12": {"0": 0.6923858410000037, "0.25": 0.5559503960000001}}, "6": {"12": {"0": 0.552637089000001, "0.25": 0.46623351600001683}}, "9": {"12": {"0": 0.4785191630000156, "0.25": 0.4712728599999991}}, "12": {"12": {"0": 0.4777675760000193, "0.25": 0.48909243800000013}}}, "download_time": {"1": {"12": {"0": 1.1025017073333334, "0.25": 1.3317173950000012}}, "3": {"12": {"0": 1.7715940896666709, "0.25": 3.049574425166663}}, "6": {"12": {"0": 1.7997313123333356, "0.25": 2.987923296833325}}, "9": {"12": {"0": 1.7058595323333396, "0.25": 3.2739204136000124}}, "12": {"12": {"0": 1.8683214648333433, "0.25": 1.242762990999995}}}, "download_prob": {"1": {"12": {"0": 1.0, "0.25": 0.8333333333333334}}, "3": {"12": {"0": 1.0, "0.25": 1.0}}, "6": {"12": {"0": 1.0, "0.25": 1.0}}, "9": {"12": {"0": 1.0, "0.25": 0.8333333333333334}}, "12": {"12": {"0": 1.0, "0.25": 0.8333333333333334}}}}