{"upload_time": {"1": {"6": {"0": 0.02072358800000007}}}, "download_time": {"1": {"6": {"0": 0.7468316210000001}}}, "download_prob": {"1": {"6": {"0": 0.3333333333333333}}}}