{"upload_time": {"3": {"6": {"0": 0.47386525599999985, "0.25": 0.3968122869999995}, "12": {"0": 0.5504111179999995, "0.25": 0.6125839940000049}, "18": {"0": 0.7641056679999849, "0.25": 0.7006571809999969}, "24": {"0": 0.560203362999971, "0.25": 0.5612395139999649}, "30": {"0": 0.6266006590000188, "0.25": 0.7724401239999565}}}, "download_time": {"3": {"6": {"0": 0.9761795916666672, "0.25": 3.1710600699999993}, "12": {"0": 1.978574997166665, "0.25": 1.8680076754}, "18": {"0": 1.6865957657777717, "0.25": 2.5321434600000003}, "24": {"0": 1.7809038733999898, "0.25": 3.4366755438750047}, "30": {"0": 1.7973311493333313, "0.25": 2.462737375300003}}}, "download_prob": {"3": {"6": {"0": 1.0, "0.25": 0.6666666666666666}, "12": {"0": 1.0, "0.25": 0.8333333333333334}, "18": {"0": 1.0, "0.25": 0.6666666666666666}, "24": {"0": 1.0, "0.25": 0.8}, "30": {"0": 0.6, "0.25": 1.0}}}}