{"upload_time": {"1": {"12": {"0": 0.04281367800000169, "0.25": 0.043807917999998836}}, "3": {"12": {"0": 0.03556673100000296, "0.25": 0.04061864000000526}}, "6": {"12": {"0": 0.03756642400000487, "0.25": 0.044560969000002615}}, "9": {"12": {"0": 0.08233995099999447, "0.25": 0.03746359899997742}}, "12": {"12": {"0": 0.030253227999992305, "0.25": 0.0326992930000074}}}, "download_time": {"1": {"12": {"0": 0.7358003804999992, "0.25": 0.9087146353333324}}, "3": {"12": {"0": 1.5772171461666697, "0.25": 1.7271681436000024}}, "6": {"12": {"0": 1.9086105743333281, "0.25": 2.5714159890000112}}, "9": {"12": {"0": 1.250192957166675, "0.25": 1.2384638781666741}}, "12": {"12": {"0": 0.9017710933333282, "0.25": 2.445213095000014}}}, "download_prob": {"1": {"12": {"0": 1.0, "0.25": 0.5}}, "3": {"12": {"0": 1.0, "0.25": 0.8333333333333334}}, "6": {"12": {"0": 1.0, "0.25": 0.5}}, "9": {"12": {"0": 1.0, "0.25": 1.0}}, "12": {"12": {"0": 1.0, "0.25": 1.0}}}}