{"upload_time": {"15": {"6": {"0": 0.5450059450000007, "0.25": 0.5322675100000005}, "12": {"0": 0.545781139000006, "0.25": 0.5514319210000025}, "18": {"0": 0.718280367999995, "0.25": 0.7332417440000256}, "24": {"0": 0.7083574199999987, "0.25": 0.7113702949999947}, "30": {"0": 0.7357303850000108, "0.25": 0.6364107659999831}}}, "download_time": {"15": {"6": {"0": 0.611507191, "0.25": 1.5225567433333325}, "12": {"0": 0.7651861643333339, "0.25": 1.533020116}, "18": {"0": 0.8586364471111112, "0.25": 3.903746810000005}, "24": {"0": 0.9190999790999967, "0.25": 3.553195407555557}, "30": {"0": 1.0329780715000083, "0.25": 3.2870657494999933}}}, "download_prob": {"15": {"6": {"0": 1.0, "0.25": 1.0}, "12": {"0": 1.0, "0.25": 0.8333333333333334}, "18": {"0": 1.0, "0.25": 0.8888888888888888}, "24": {"0": 1.0, "0.25": 0.9}, "30": {"0": 1.0, "0.25": 1.0}}}}