{"upload_time": {"1": {"12": {"0": 0.0241511189378798, "0.25": 0.02723236894235015}}, "3": {"12": {"0": 0.0216692800167948, "0.25": 0.025311019038781524}}, "6": {"12": {"0": 0.01961177005432546, "0.25": 0.020974466111510992}}, "9": {"12": {"0": 0.019937742967158556, "0.25": 0.01904338807798922}}, "12": {"12": {"0": 0.017812171019613743, "0.25": 0.02852434106171131}}}, "download_time": {"1": {"12": {"0": 0, "0.25": 0}}, "3": {"12": {"0": 0, "0.25": 0}}, "6": {"12": {"0": 0, "0.25": 0}}, "9": {"12": {"0": 0, "0.25": 0}}, "12": {"12": {"0": 0, "0.25": 0}}}, "download_prob": {"1": {"12": {"0": 0.0, "0.25": 0.0}}, "3": {"12": {"0": 0.0, "0.25": 0.0}}, "6": {"12": {"0": 0.0, "0.25": 0.0}}, "9": {"12": {"0": 0.0, "0.25": 0.0}}, "12": {"12": {"0": 0.0, "0.25": 0.0}}}}