{"upload_time": {"3": {"6": {"0": 2.6250373124000004, "0.25": 2.570873081000002}}}, "download_time": {"3": {"6": {"0": 2.668059129375001, "0.25": 2.3653581266000003}}}, "download_prob": {"3": {"6": {"0": 0.8, "0.25": 0.5}}}}